[{"fields": {"region_name": "EMA"}, "model": "peacetrack.region", "pk": 1}, {"fields": {"region_name": "IAP"}, "model": "peacetrack.region", "pk": 2}, {"fields": {"region_name": "AF"}, "model": "peacetrack.region", "pk": 3}, {"fields": {"sector_code": "ED", "sector_desc": "Improve Education", "sector_name": "Education"}, "model": "peacetrack.sector", "pk": 1}, {"fields": {"sector_code": "YD", "sector_desc": "Improve Youth", "sector_name": "Youth"}, "model": "peacetrack.sector", "pk": 2}, {"fields": {"sector_code": "ED", "sector_desc": "Improve Education", "sector_name": "TEFL"}, "model": "peacetrack.sector", "pk": 3}, {"fields": {"sector_code": "HE", "sector_desc": "Improve Community Health", "sector_name": "Community Health"}, "model": "peacetrack.sector", "pk": 4}, {"fields": {"sector": [1, 2], "post_name": "Thailand", "post_region": 1}, "model": "peacetrack.ptpost", "pk": 1}, {"fields": {"sector": [3, 4], "post_name": "Rwanda", "post_region": 3}, "model": "peacetrack.ptpost", "pk": 2}, {"fields": {"sector": [2], "post_name": "Lesotho ", "post_region": 3}, "model": "peacetrack.ptpost", "pk": 3}, {"fields": {"project_name": "Education", "project_sector": 1, "project_purpose": "Improve Education"}, "model": "peacetrack.project", "pk": 1}, {"fields": {"project_name": "Youth", "project_sector": 2, "project_purpose": "Improve Youth"}, "model": "peacetrack.project", "pk": 2}, {"fields": {"project_name": "TEFL", "project_sector": 3, "project_purpose": "Improve Education"}, "model": "peacetrack.project", "pk": 3}, {"fields": {"project_name": "Community Health", "project_sector": 4, "project_purpose": "Improve Health"}, "model": "peacetrack.project", "pk": 4}, {"fields": {"goal_title": "Improve Teaching", "goal_project": 1, "goal_name": "Goal 1: Improve Teaching", "goal_stmt": "Improve Teaching by training teachers by experts"}, "model": "peacetrack.goal", "pk": 1}, {"fields": {"goal_title": "Increase Student Success", "goal_project": 1, "goal_name": "Goal 2: Increase Student Success", "goal_stmt": "Increase Student Success by providing better communication channels between teachers and students"}, "model": "peacetrack.goal", "pk": 2}, {"fields": {"goal_title": "Increase Student Success", "goal_project": 1, "goal_name": "Goal 2: Increase Student Success", "goal_stmt": "Increase Student Success by providing better communication channels between teachers and students"}, "model": "peacetrack.goal", "pk": 3}, {"fields": {"goal_title": "Improve the School Community", "goal_project": 1, "goal_name": "Goal 3: Improve the School Community", "goal_stmt": " Improve the School Community by providing bonding sessions"}, "model": "peacetrack.goal", "pk": 4}, {"fields": {"goal_title": "Develop Healthier Lifestyle", "goal_project": 2, "goal_name": "Goal 1: Develop Healthier Lifestyle", "goal_stmt": "Develop Healthier Lifestyle by improving awareness about healthier diet habits"}, "model": "peacetrack.goal", "pk": 5}, {"fields": {"goal_title": "Better prepared for workforce", "goal_project": 2, "goal_name": "Goal 2: Better prepared for workforce", "goal_stmt": "Better prepared for workforce by exposing them to multiple career options"}, "model": "peacetrack.goal", "pk": 6}, {"fields": {"goal_title": "Improve Civic Engagement", "goal_project": 2, "goal_name": "Goal 3: Improve Civic Engagement", "goal_stmt": "Improve Civic Engagement by getting youth in touch with the local Goverment administration"}, "model": "peacetrack.goal", "pk": 7}, {"fields": {"goal_title": "Build support for Youth", "goal_project": 2, "goal_name": "Goal 4: Build support for Youth", "goal_stmt": "Build support for Youth by providing them councelling sessions"}, "model": "peacetrack.goal", "pk": 8}, {"fields": {"goal_title": "Improve Learning", "goal_project": 3, "goal_name": "Goal 1: Improve Learning", "goal_stmt": " Improve Learning by having after school training sessions"}, "model": "peacetrack.goal", "pk": 9}, {"fields": {"goal_title": "Improve Teaching", "goal_project": 3, "goal_name": "Goal 2: Improve Teaching", "goal_stmt": "Improve Teaching by training teachers by experts"}, "model": "peacetrack.goal", "pk": 10}, {"fields": {"goal_title": " Improve the Community", "goal_project": 3, "goal_name": "Goal 3: Improve the Community", "goal_stmt": " Improve the Community by having community bonding sessions"}, "model": "peacetrack.goal", "pk": 11}, {"fields": {"goal_title": "Prevention & Sexual Health", "goal_project": 2, "goal_name": "Goal 1: Prevention & Sexual Health", "goal_stmt": "Prevention & Sexual Health by improving awareness about STDs"}, "model": "peacetrack.goal", "pk": 12}, {"fields": {"goal_title": "Care & Treatment for HIV Positive Youth", "goal_project": 2, "goal_name": "Goal 2: Care & Treatment for HIV Positive Youth", "goal_stmt": "Care & Treatment for HIV Positive Youth by providing them assistance for medical treatment"}, "model": "peacetrack.goal", "pk": 13}, {"fields": {"goal_title": "HIV Mitigation for Affected Youth", "goal_project": 2, "goal_name": "Goal 3: HIV Mitigation for Affected Youth", "goal_stmt": "HIV Mitigation for Affected Youth by counselling them about the disease"}, "model": "peacetrack.goal", "pk": 14}, {"fields": {"goal_title": "Improve Maternal and Child Health ", "goal_project": 4, "goal_name": "Goal 1: Improve Maternal and Child Health ", "goal_stmt": "Improve Maternal and Child Health "}, "model": "peacetrack.goal", "pk": 15}, {"fields": {"goal_title": "HIV Prevention and Impact Mitigation", "goal_project": 4, "goal_name": "Goal 2: HIV Prevention and Impact Mitigation", "goal_stmt": "HIV Prevention and Impact Mitigation"}, "model": "peacetrack.goal", "pk": 16}, {"fields": {"goal_title": "Health Systems Strengthening ", "goal_project": 4, "goal_name": "Goal 3: Health Systems Strengthening ", "goal_stmt": "Health Systems Strengthening "}, "model": "peacetrack.goal", "pk": 17}, {"fields": {"obj_stmt": "Improve Teachers' Communication Skills", "obj_title": "Improve Teachers' Communication Skills", "obj_goal": 1, "obj_name": "Objective 1.1: Improve Teachers' Communication Skills"}, "model": "peacetrack.objective", "pk": 1}, {"fields": {"obj_stmt": "Improve English Teachers' Instructional Practice", "obj_title": "Improve English Teachers' Instructional Practice", "obj_goal": 1, "obj_name": "Objective 1.2: Improve English Teachers' Instructional Practice"}, "model": "peacetrack.objective", "pk": 2}, {"fields": {"obj_stmt": "Improve Resource Development and Use", "obj_title": "Improve Resource Development and Use", "obj_goal": 1, "obj_name": "Objective 1.3: Improve Resource Development and Use"}, "model": "peacetrack.objective", "pk": 3}, {"fields": {"obj_stmt": "Objective 2.1: Improve Achievement and Participation in English Class", "obj_title": "Objective 2.1: Improve Achievement and Participation in English Class", "obj_goal": 2, "obj_name": "Objective 2.1: Improve Achievement and Participation in English Class"}, "model": "peacetrack.objective", "pk": 4}, {"fields": {"obj_stmt": "Improve Student Achievement, Participation, and Leadership Skills through English Extracurricular Activities", "obj_title": "Improve Student Achievement, Participation, and Leadership Skills through English Extracurricular Activities", "obj_goal": 2, "obj_name": "Objective 2.2: Improve Student Achievement, Participation, and Leadership Skills through English Extracurricular Activities"}, "model": "peacetrack.objective", "pk": 5}, {"fields": {"obj_stmt": "School Community Projects", "obj_title": "School Community Projects", "obj_goal": 4, "obj_name": "Objective 3.1: School Community Projects"}, "model": "peacetrack.objective", "pk": 6}, {"fields": {"obj_stmt": "School and Family-focused Community Projects", "obj_title": "School and Family-focused Community Projects", "obj_goal": 4, "obj_name": "Objective 3.2: School and Family-focused Community Projects"}, "model": "peacetrack.objective", "pk": 7}, {"fields": {"obj_stmt": "Improve Life Skills", "obj_title": "Improve Life Skills", "obj_goal": 5, "obj_name": "Objective 1.1: Improve Life Skills"}, "model": "peacetrack.objective", "pk": 8}, {"fields": {"obj_stmt": "Improve Sexual and Reproductive Health", "obj_title": "Improve Sexual and Reproductive Health", "obj_goal": 5, "obj_name": "Objective 1.2: Improve Sexual and Reproductive Health"}, "model": "peacetrack.objective", "pk": 9}, {"fields": {"obj_stmt": "Improve Personal finance skills", "obj_title": "Improve Personal finance skills", "obj_goal": 6, "obj_name": "Objective 2.1: Improve Personal finance skills"}, "model": "peacetrack.objective", "pk": 10}, {"fields": {"obj_stmt": "Improve entrepreneurial skills", "obj_title": "Improve entrepreneurial skills", "obj_goal": 6, "obj_name": "Objective 2.2: Improve entrepreneurial skills"}, "model": "peacetrack.objective", "pk": 11}, {"fields": {"obj_stmt": "Improve English communication skills", "obj_title": "Improve English communication skills", "obj_goal": 6, "obj_name": "Objective 2.3: Improve English communication skills"}, "model": "peacetrack.objective", "pk": 12}, {"fields": {"obj_stmt": "Improve Civic engagement", "obj_title": "Improve Civic engagement", "obj_goal": 7, "obj_name": "Objective 3.1: Improve Civic engagement"}, "model": "peacetrack.objective", "pk": 13}, {"fields": {"obj_stmt": "Improve peer leadership skills", "obj_title": "Improve peer leadership skills", "obj_goal": 7, "obj_name": "Objective 3.2: Improve peer leadership skills"}, "model": "peacetrack.objective", "pk": 14}, {"fields": {"obj_stmt": "Improve caregiver involvement", "obj_title": "Improve caregiver involvement", "obj_goal": 8, "obj_name": "Objective 4.1: Improve caregiver involvement"}, "model": "peacetrack.objective", "pk": 15}, {"fields": {"obj_stmt": "Improve caregiver communication", "obj_title": "Improve caregiver communication", "obj_goal": 8, "obj_name": "Objective 4.2: Improve caregiver communication"}, "model": "peacetrack.objective", "pk": 16}, {"fields": {"obj_stmt": "Improve Achievement and Participation in English Class", "obj_title": "Improve Achievement and Participation in English Class", "obj_goal": 9, "obj_name": "Objective 1.1 Improve Achievement and Participation in English Class"}, "model": "peacetrack.objective", "pk": 17}, {"fields": {"obj_stmt": "Improved Student Achievement, Participation, and Leadership Skills through Extracurricular Activities", "obj_title": "Improved Student Achievement, Participation, and Leadership Skills through Extracurricular Activities", "obj_goal": 9, "obj_name": "Objective 1.2 Improved Student Achievement, Participation, and Leadership Skills through Extracurricular Activities"}, "model": "peacetrack.objective", "pk": 18}, {"fields": {"obj_stmt": "Improve Teachers' Communication Skills", "obj_title": "Improve Teachers' Communication Skills", "obj_goal": 10, "obj_name": "Objective 2.1 Improve Teachers' Communication Skills"}, "model": "peacetrack.objective", "pk": 19}, {"fields": {"obj_stmt": "Improve English Teachers' Instructional Practice and Resource Development", "obj_title": "Improve English Teachers' Instructional Practice and Resource Development", "obj_goal": 10, "obj_name": "Objective 2.2 Improve English Teachers' Instructional Practice and Resource Development"}, "model": "peacetrack.objective", "pk": 20}, {"fields": {"obj_stmt": "School Community Projects", "obj_title": "School Community Projects", "obj_goal": 11, "obj_name": "Objective 3.1: School Community Projects"}, "model": "peacetrack.objective", "pk": 21}, {"fields": {"obj_stmt": "Larger Community Projects", "obj_title": "Larger Community Projects", "obj_goal": 11, "obj_name": "Objective 3.2 Larger Community Projects"}, "model": "peacetrack.objective", "pk": 22}, {"fields": {"obj_stmt": "Infant and Child Nutrition", "obj_title": "Infant and Child Nutrition", "obj_goal": 15, "obj_name": "Objective 1.1 Infant and Child Nutrition"}, "model": "peacetrack.objective", "pk": 23}, {"fields": {"obj_stmt": "Hygiene and Safe Water Utilization", "obj_title": "Hygiene and Safe Water Utilization", "obj_goal": 15, "obj_name": "Objective 1.2 Hygiene and Safe Water Utilization"}, "model": "peacetrack.objective", "pk": 24}, {"fields": {"obj_stmt": "Malaria Prevention and Control", "obj_title": "Malaria Prevention and Control", "obj_goal": 15, "obj_name": "Objective 1.3 Malaria Prevention and Control"}, "model": "peacetrack.objective", "pk": 25}, {"fields": {"obj_stmt": "HIV Prevention", "obj_title": "HIV Prevention", "obj_goal": 16, "obj_name": "Objective 2.1 HIV Prevention"}, "model": "peacetrack.objective", "pk": 26}, {"fields": {"obj_stmt": "Orphans and Vulnerable Childrens' Health and Well Being", "obj_title": "Orphans and Vulnerable Childrens' Health and Well Being", "obj_goal": 16, "obj_name": "Objective 2.2 Orphans and Vulnerable Childrens' Health and Well Being"}, "model": "peacetrack.objective", "pk": 27}, {"fields": {"obj_stmt": "Community needs assessment and local capacity building ", "obj_title": "Community needs assessment and local capacity building ", "obj_goal": 17, "obj_name": "Objective 3.1 Community needs assessment and local capacity building "}, "model": "peacetrack.objective", "pk": 28}, {"fields": {"obj_stmt": "HIV Sexual Health & HIV Prevention", "obj_title": "HIV Sexual Health & HIV Prevention", "obj_goal": 12, "obj_name": "Objective 1.1 HIV Sexual Health & HIV Prevention"}, "model": "peacetrack.objective", "pk": 29}, {"fields": {"obj_stmt": "Male Circumsicion", "obj_title": "Male Circumsicion", "obj_goal": 12, "obj_name": "Objective 1.2 Male Circumsicion"}, "model": "peacetrack.objective", "pk": 30}, {"fields": {"obj_stmt": "HIV Testing", "obj_title": "HIV Testing", "obj_goal": 12, "obj_name": "Objective 1.3 HIV Testing"}, "model": "peacetrack.objective", "pk": 31}, {"fields": {"obj_stmt": "Treatment Adherence of Infected Youth", "obj_title": "Treatment Adherence of Infected Youth", "obj_goal": 13, "obj_name": "Objective 2.1 Treatment Adherence of Infected Youth"}, "model": "peacetrack.objective", "pk": 32}, {"fields": {"obj_stmt": "Care Services", "obj_title": "Care Services", "obj_goal": 13, "obj_name": "Objective 2.2 Care Services"}, "model": "peacetrack.objective", "pk": 33}, {"fields": {"obj_stmt": "Life Skills", "obj_title": "Life Skills", "obj_goal": 14, "obj_name": "Objective 3.1 Life Skills"}, "model": "peacetrack.objective", "pk": 34}, {"fields": {"obj_stmt": "Economic Strengthening for Youth and Preparation for the World of Work", "obj_title": "Economic Strengthening for Youth and Preparation for the World of Work", "obj_goal": 14, "obj_name": "Objective 3.2 Economic Strengthening for Youth and Preparation for the World of Work"}, "model": "peacetrack.objective", "pk": 35}, {"fields": {"obj_stmt": "Physical Health", "obj_title": "Physical Health", "obj_goal": 14, "obj_name": "Objective 3.3 Physical Health"}, "model": "peacetrack.objective", "pk": 36}, {"fields": {"obj_stmt": "Volunteerism and Service-Learning", "obj_title": "Volunteerism and Service-Learning", "obj_goal": 14, "obj_name": "Objective 3.4 Volunteerism and Service-Learning"}, "model": "peacetrack.objective", "pk": 37}, {"fields": {"ind_desc": "Number of teachers who interacted with a Volunteer in English.", "ind_obj": 1, "ind_type_1": "PDI", "ind_type_2": true}, "model": "peacetrack.indicator", "pk": 1}, {"fields": {"ind_desc": "Teachers: English Teacher English Proficiency - Number of English teachers, out of the total number of teachers the Volunteer worked with, who conducted a higher proportion of their class procedural language in English. ", "ind_obj": 1, "ind_type_1": "SI", "ind_type_2": true}, "model": "peacetrack.indicator", "pk": 2}, {"fields": {"ind_desc": "Teachers: English Teaching Methodology - Number of teachers, out of the total number of teachers the Volunteer worked with, who improved their English instruction in one or more of the following ways: used new techniques for teaching language skills or more effectively applied established communicative language learning principles", "ind_obj": 1, "ind_type_1": "SI", "ind_type_2": true}, "model": "peacetrack.indicator", "pk": 3}, {"fields": {"ind_desc": "Teachers: General Teaching Practices - Number of teachers, out of the total number of teachers the Volunteer worked with, who increased their use of student-centered teaching techniques. ", "ind_obj": 1, "ind_type_1": "SI", "ind_type_2": true}, "model": "peacetrack.indicator", "pk": 4}, {"fields": {"ind_desc": "Teachers: Classroom Management - Number of teachers, out of the total number of teachers the Volunteer worked with, who introduced improved structures or routines to manage classroom interactions more effectively", "ind_obj": 1, "ind_type_1": "SI", "ind_type_2": true}, "model": "peacetrack.indicator", "pk": 5}, {"fields": {"ind_desc": "Number of teachers the Volunteer discussed lesson plans with.", "ind_obj": 1, "ind_type_1": "SI", "ind_type_2": true}, "model": "peacetrack.indicator", "pk": 6}, {"fields": {"ind_desc": "Number of teachers the Volunteer discussed classroom materials with.", "ind_obj": 1, "ind_type_1": "PDI", "ind_type_2": true}, "model": "peacetrack.indicator", "pk": 7}, {"fields": {"ind_desc": "Teachers: Resource Development - Number of teachers, out of the total number of teachers the Volunteer worked with, who increased  their use of learning resources or classroom materials by creating, improving, or managing items such as lesson plans, posters, handouts, library books or other  materials that support classroom learning. ", "ind_obj": 1, "ind_type_1": "SI", "ind_type_2": true}, "model": "peacetrack.indicator", "pk": 8}, {"fields": {"ind_desc": "Number of students that the Volunteers worked with on English reading skills.", "ind_obj": 1, "ind_type_1": "PDI", "ind_type_2": true}, "model": "peacetrack.indicator", "pk": 9}, {"fields": {"ind_desc": "Students: English Proficiency - Number of students, out of the total number of students the Volunteer/partner worked with, who demonstrated improved English proficiency based on class content through formal or informal assessment. ", "ind_obj": 1, "ind_type_1": "SI", "ind_type_2": true}, "model": "peacetrack.indicator", "pk": 10}, {"fields": {"ind_desc": "Students: Basic Reading Skills - Number of students, out of the total number of students the Volunteer/partner worked with, who demonstrated improvement in one or more of the following skills: letter recognition, print knowledge, phonics, oral fluency or print production.", "ind_obj": 1, "ind_type_1": "SI", "ind_type_2": true}, "model": "peacetrack.indicator", "pk": 11}, {"fields": {"ind_desc": "Students: Extracurricular Activities in English\u2014Number of students, out of the total number of students the Volunteer/partner worked with, who participated in additional extracurricular activities in English. ", "ind_obj": 5, "ind_type_1": "SI", "ind_type_2": true}, "model": "peacetrack.indicator", "pk": 12}, {"fields": {"ind_desc": "Students: Confidence and Motivation\u2014Number of students, out of the total number of students the Volunteer/partner worked with, who demonstrated increased confidence or motivation in a class, club, or camp. ", "ind_obj": 5, "ind_type_1": "SI", "ind_type_2": true}, "model": "peacetrack.indicator", "pk": 13}, {"fields": {"ind_desc": "Students: Leadership\u2014Number of students, out of the total number of students the Volunteer/partner worked with, who demonstrated leadership in or out of the classroom through activities like peer teaching, coaching, or homework help. ", "ind_obj": 5, "ind_type_1": "SI", "ind_type_2": true}, "model": "peacetrack.indicator", "pk": 14}, {"fields": {"ind_desc": "Number of school community members who worked with the Volunteer and co-teacher.", "ind_obj": 6, "ind_type_1": "PDI", "ind_type_2": true}, "model": "peacetrack.indicator", "pk": 15}, {"fields": {"ind_desc": "Community Engagement: School Administration\u2014Number of school community members, out of the total number of school community members the Volunteer/partner worked with, who strengthened school administrative procedures for English teachers, improved school facilities to expand English use, or enhanced student English learning opportunities. ", "ind_obj": 6, "ind_type_1": "SI", "ind_type_2": true}, "model": "peacetrack.indicator", "pk": 16}, {"fields": {"ind_desc": "Number of community members who attended family-focused school activities.", "ind_obj": 7, "ind_type_1": "PDI", "ind_type_2": true}, "model": "peacetrack.indicator", "pk": 17}, {"fields": {"ind_desc": "Community Engagement: Support for Learning - Number of community members, out of the total number of community members the Volunteer/partner worked with, who increased their participation in activities that support their school or enhance student literacy opportunities. ", "ind_obj": 7, "ind_type_1": "SI", "ind_type_2": true}, "model": "peacetrack.indicator", "pk": 18}, {"fields": {"ind_desc": "Number of youth taught by Volunteers.", "ind_obj": 8, "ind_type_1": "PDI", "ind_type_2": true}, "model": "peacetrack.indicator", "pk": 19}, {"fields": {"ind_desc": "Life Skills \u2013 positive identity & self esteem: Number of youth, out of the total number of youth the Volunteer/partner worked with, who described or displayed three or more of their own personal strengths or assets as evidence of improved sense of self-esteem or self-worth. ", "ind_obj": 8, "ind_type_1": "SI", "ind_type_2": true}, "model": "peacetrack.indicator", "pk": 20}, {"fields": {"ind_desc": "Life Skills \u2013 positive communication: Number of youth, out of the total number of youth the Volunteer/partner worked with, who exhibited new positive communication or relational skills in one or more of the following ways: active, reflective listening with empathy; summarizing or paraphrasing others\u2019 words; assertive negotiation skills; expressing needs and wants clearly; resisting opportunities or pressure to engage in risky behavior; resolving conflict appropriately without resorting to violence or combative behavior.", "ind_obj": 8, "ind_type_1": "SI", "ind_type_2": true}, "model": "peacetrack.indicator", "pk": 21}, {"fields": {"ind_desc": "Life Skills- decision making & critical thinking - Number of youth, out of the total number of youth the Volunteer/partner worked with, who demonstrated improved decision making, critical thinking, and problem solving skills in one or more of the following ways: developing creative solutions; analyzing pros and cons; seeking counsel and additional information; making decisions based on personal values; articulating potential consequences of various choices.", "ind_obj": 8, "ind_type_1": "SI", "ind_type_2": true}, "model": "peacetrack.indicator", "pk": 22}, {"fields": {"ind_desc": "Emotional Health \u2013  Number of youth, out of the total number of youth the Volunteer/partner worked with, who described new positive coping strategies for dealing with stress and emotions such as articulating personal growth or lessons learned from difficulties they encountered; identifying positive peers or adults with whom to talk, identifying at least 3 self-care strategies. ", "ind_obj": 8, "ind_type_1": "SI", "ind_type_2": true}, "model": "peacetrack.indicator", "pk": 23}, {"fields": {"ind_desc": "Number of youth trained in sexual reproductive health activities.", "ind_obj": 9, "ind_type_1": "PDI", "ind_type_2": true}, "model": "peacetrack.indicator", "pk": 24}, {"fields": {"ind_desc": "Pregnancy Prevention- Number of youth, out of the total number of youth the Volunteer/partner worked with, who were able to explain at least three methods to prevent unwanted pregnancies. ", "ind_obj": 9, "ind_type_1": "SI", "ind_type_2": true}, "model": "peacetrack.indicator", "pk": 25}, {"fields": {"ind_desc": "Prevention- Number of youth, out of the total number of youth the Volunteer/partner worked with, who correctly identified at least three ways to prevent the transmission of HIV. ", "ind_obj": 9, "ind_type_1": "SI", "ind_type_2": true}, "model": "peacetrack.indicator", "pk": 26}, {"fields": {"ind_desc": "Condom Use- Number of youth, out of the total number of youth the Volunteer/partner worked with, who described correct condom use.", "ind_obj": 9, "ind_type_1": "SI", "ind_type_2": true}, "model": "peacetrack.indicator", "pk": 27}, {"fields": {"ind_desc": "Understanding puberty \u2013 Number of youth, out of the total number of youth the Volunteer/partner worked with, who can describe at least three physical changes during puberty.  ", "ind_obj": 9, "ind_type_1": "PDI", "ind_type_2": true}, "model": "peacetrack.indicator", "pk": 28}, {"fields": {"ind_desc": "Number of youth trained in personal finance concepts.", "ind_obj": 10, "ind_type_1": "PDI", "ind_type_2": true}, "model": "peacetrack.indicator", "pk": 29}, {"fields": {"ind_desc": "Financial Literacy - Number of youth, out of the total number of youth the Volunteer/partner worked with, who demonstrated improved financial literacy skills by doing at least two of the following: creating personal budgets, starting savings plans, opening up banks accounts, participating in group savings schemes, setting financial goals and/or reporting improved money management. ", "ind_obj": 10, "ind_type_1": "SI", "ind_type_2": true}, "model": "peacetrack.indicator", "pk": 30}, {"fields": {"ind_desc": "Number of youth who participate in entrepreneurship and business concepts trainings or activities.", "ind_obj": 11, "ind_type_1": "PDI", "ind_type_2": true}, "model": "peacetrack.indicator", "pk": 31}, {"fields": {"ind_desc": "Entrepreneurship and Simple Business Concepts - Number of youth, out of the total number of youth trained in entrepreneurship and business concepts, who describe at least one of  simple business concepts to improve an entrepreneurial activity in their community.", "ind_obj": 11, "ind_type_1": "PDI", "ind_type_2": true}, "model": "peacetrack.indicator", "pk": 32}, {"fields": {"ind_desc": "Number of youth the Volunteer/partner worked with on basic English communication skills ", "ind_obj": 12, "ind_type_1": "PDI", "ind_type_2": true}, "model": "peacetrack.indicator", "pk": 33}, {"fields": {"ind_desc": "Vocational Skills, English - Number of youth, out of the total number of youth the Volunteer/partner worked with, who demonstrated examples of improved vocational skills such as using improved verbal or written English for work, employment, or business activities. ", "ind_obj": 12, "ind_type_1": "SI", "ind_type_2": true}, "model": "peacetrack.indicator", "pk": 34}, {"fields": {"ind_desc": "Number of youth who are trained on volunteerism and service learning methodology.", "ind_obj": 13, "ind_type_1": "PDI", "ind_type_2": true}, "model": "peacetrack.indicator", "pk": 35}, {"fields": {"ind_desc": "Number of youth who are trained on civic education", "ind_obj": 13, "ind_type_1": "PDI", "ind_type_2": true}, "model": "peacetrack.indicator", "pk": 36}, {"fields": {"ind_desc": "Volunteerism - Number of youth, out of the total number of youth the Volunteer/partner worked with, who increased their engagement in at least one community-benefiting, peer education, or other service-orientated activity. ", "ind_obj": 13, "ind_type_1": "SI", "ind_type_2": true}, "model": "peacetrack.indicator", "pk": 37}, {"fields": {"ind_desc": "Civic Education - Number of youth, out of the total number of youth the Volunteer/partner worked with, who demonstrated increased civic engagement by exhibiting at least two of the following behaviors:  participating in community problem solving, regular volunteering, active membership in groups or associations, participating in fund-raising activities, or engaging local officials or leaders in decision making. ", "ind_obj": 13, "ind_type_1": "SI", "ind_type_2": true}, "model": "peacetrack.indicator", "pk": 38}, {"fields": {"ind_desc": "Number of youth trained on leadership skills and behaviors", "ind_obj": 14, "ind_type_1": "PDI", "ind_type_2": true}, "model": "peacetrack.indicator", "pk": 39}, {"fields": {"ind_desc": "Leadership - Number of youth, out of the total number of youth the Volunteer/partner worked with, who demonstrated new leadership behaviors including exhibiting two or more of the following traits: visionary, drive to see things through, effective communicator, motivator, planner, creative thinker, sets an example for others. ", "ind_obj": 15, "ind_type_1": "SI", "ind_type_2": true}, "model": "peacetrack.indicator", "pk": 40}, {"fields": {"ind_desc": "Number of caregivers that participate in positive youth development events and activities", "ind_obj": 15, "ind_type_1": "PDI", "ind_type_2": true}, "model": "peacetrack.indicator", "pk": 41}, {"fields": {"ind_desc": "Positive YD Activities \u2013 Number of service providers (parents, individuals, leaders, association members, etc.), out of the total number of service providers the Volunteer/partner worked with, who increased their involvement in positive youth development activities. ", "ind_obj": 15, "ind_type_1": "S", "ind_type_2": true}, "model": "peacetrack.indicator", "pk": 42}, {"fields": {"ind_desc": "Number of caregivers trained on communication strategies.", "ind_obj": 16, "ind_type_1": "PDI", "ind_type_2": true}, "model": "peacetrack.indicator", "pk": 43}, {"fields": {"ind_desc": "Number of youth trained on positive adult relationship or mentoring relationship in their lives", "ind_obj": 16, "ind_type_1": "PDI", "ind_type_2": true}, "model": "peacetrack.indicator", "pk": 44}, {"fields": {"ind_desc": "Parent Communication - Number of parents, out of the total number of parents the Volunteer/partner worked with, who reported improved communications or relationships with their children. ", "ind_obj": 16, "ind_type_1": "SI", "ind_type_2": true}, "model": "peacetrack.indicator", "pk": 45}, {"fields": {"ind_desc": "Positive Adult Relationship - Number of youth, out of the total number of youth the Volunteer/partner worked with, who described at least one new positive adult relationship or mentoring relationship in their lives. ", "ind_obj": 16, "ind_type_1": "SI", "ind_type_2": true}, "model": "peacetrack.indicator", "pk": 46}, {"fields": {"ind_desc": "Students: English Proficiency - Number of students, out of the total number of students the Volunteer/partner worked with, who demonstrated improved English proficiency based on class content through formal or informal assessment. ", "ind_obj": 17, "ind_type_1": "SI", "ind_type_2": true}, "model": "peacetrack.indicator", "pk": 47}, {"fields": {"ind_desc": "Students: English Literacy - Number of students, out of the total number of students the Volunteer/partner worked with, who demonstrated improved performance in reading or written composition in English for academic or professional purposes (based on class content), through formal and informal assessment. ", "ind_obj": 17, "ind_type_1": "SI", "ind_type_2": true}, "model": "peacetrack.indicator", "pk": 48}, {"fields": {"ind_desc": "Students: Number of students out of the total number of students taught by the Volunteer over the school year that demonstrated at least one new or improved critical thinking skill", "ind_obj": 17, "ind_type_1": "SI", "ind_type_2": true}, "model": "peacetrack.indicator", "pk": 49}, {"fields": {"ind_desc": "Number of Students, out of the total number of students the Volunteer/Partner worked with, who demonstrated improvement in English usage through participation in additional extra-curricular activities in English. ", "ind_obj": 18, "ind_type_1": "PDI", "ind_type_2": true}, "model": "peacetrack.indicator", "pk": 50}, {"fields": {"ind_desc": "Students: Number of students out of the total number of students the Volunteer/Partner worked with, who demonstrated improved achievement in the content of the class, club or camp, as determined by a formal or informal assessment", "ind_obj": 18, "ind_type_1": "SI", "ind_type_2": true}, "model": "peacetrack.indicator", "pk": 51}, {"fields": {"ind_desc": "Teachers: Teacher English Proficiency - Number of teachers, out of the total number of teachers the Volunteer worked with, who introduced improved structures or routines to manage classroom interactions in English more effectively. ", "ind_obj": 19, "ind_type_1": "SI", "ind_type_2": true}, "model": "peacetrack.indicator", "pk": 52}, {"fields": {"ind_desc": "Teachers: Classroom Management - Number of teachers, out of the total number of teachers the Volunteer worked with, who introduced improved structures or routines to manage classroom interactions more effectively", "ind_obj": 19, "ind_type_1": "SI", "ind_type_2": true}, "model": "peacetrack.indicator", "pk": 53}, {"fields": {"ind_desc": "Teachers: English Teacher Communities of Practice - Number of English Teachers, out of the total number of teachers the Volunteer worked with, who increased their participation in teacher professional development activities in English. ", "ind_obj": 19, "ind_type_1": "SI", "ind_type_2": true}, "model": "peacetrack.indicator", "pk": 54}, {"fields": {"ind_desc": "Teachers: English Teaching Methodology - Number of teachers, out of the total number of teachers the Volunteer worked with, who improved their English instruction in one or more of the following ways: used new techniques for teaching language skills or mo", "ind_obj": 20, "ind_type_1": "SI", "ind_type_2": true}, "model": "peacetrack.indicator", "pk": 55}, {"fields": {"ind_desc": "Teachers: Resource Development - Number of teachers, out of the total number of teachers the Volunteer worked with, who increased  their use of learning resources or classroom materials by creating, improving, or managing items such as lesson plans, poste", "ind_obj": 20, "ind_type_1": "SI", "ind_type_2": true}, "model": "peacetrack.indicator", "pk": 56}, {"fields": {"ind_desc": "Teachers: Promoting Gender-Equitable Practices - Number of teachers (male and female), out of the total number of teachers the Volunteer worked with, who used improved gender equitable classroom practices. ", "ind_obj": 20, "ind_type_1": "SI", "ind_type_2": true}, "model": "peacetrack.indicator", "pk": 57}, {"fields": {"ind_desc": "Number of school community members who worked with the Volunteers to support student English learning and gender awareness.", "ind_obj": 21, "ind_type_1": "PDI", "ind_type_2": true}, "model": "peacetrack.indicator", "pk": 58}, {"fields": {"ind_desc": "Community Engagement: Support for Learning - Number of community members, out of the total number of community members the Volunteer/partner worked with, who increased their participation in activities that support their school or enhance student literacy", "ind_obj": 21, "ind_type_1": "SI", "ind_type_2": true}, "model": "peacetrack.indicator", "pk": 59}, {"fields": {"ind_desc": "Community Engagement: School Administration\u2014Number of school community members, out of the total number of school community members the Volunteer/partner worked with, who strengthened school administrative procedures for English teachers, improved school ", "ind_obj": 21, "ind_type_1": "SI", "ind_type_2": true}, "model": "peacetrack.indicator", "pk": 60}, {"fields": {"ind_desc": "Number of community members who worked with the Volunteer to support larger community projects such as enhancing student English learning or increasing capacity building for teachers or community members, or increasing gender awareness or increasing HIV awareness/reducing stigma or life skills training, etc", "ind_obj": 22, "ind_type_1": "PDI", "ind_type_2": true}, "model": "peacetrack.indicator", "pk": 61}, {"fields": {"ind_desc": "Community Members: Maintain Community Libraries and/or ICT resources: Number of individuals, out of the total number the Volunteer/partner worked with, who demonstrated increased capacity to establish or maintain a community library or computer center.  ", "ind_obj": 22, "ind_type_1": "SI", "ind_type_2": true}, "model": "peacetrack.indicator", "pk": 62}, {"fields": {"ind_desc": "Community Members: Use of Community Libraries and/or ICT resources: Number of school community members, out of the total number of community members the Volunteer/partner served, who gained access to more reading materials or were better able to use and access electronic resources due to the creation or expansion of a community library or computer center. ", "ind_obj": 22, "ind_type_1": "SI", "ind_type_2": true}, "model": "peacetrack.indicator", "pk": 63}, {"fields": {"ind_desc": "Community Engagement: Support for learning, gender awareness, and human capacity building \u2013 number of community members, out of the total number of community members the Volunteer/partner (s) worked with, who increased their participation in activities that support a school or enhance student English learning or increase capacity building for teachers or community members, or increase gender awareness or increase HIV awareness/reduce stigma, or increased their participation in any community development programs.", "ind_obj": 22, "ind_type_1": "PDI", "ind_type_2": true}, "model": "peacetrack.indicator", "pk": 64}, {"fields": {"ind_desc": "Number of health workers who received TOTs and other training sessions on nutrition", "ind_obj": 23, "ind_type_1": "PDI", "ind_type_2": true}, "model": "peacetrack.indicator", "pk": 65}, {"fields": {"ind_desc": "Number of women reached with individual or small group level edcuation on nutritional needs of young children from 12 months to under 5 years old. ", "ind_obj": 23, "ind_type_1": "SI", "ind_type_2": true}, "model": "peacetrack.indicator", "pk": 66}, {"fields": {"ind_desc": "Number of children 6-59 months who have a growth card and were weighed at least once in the past 3 months", "ind_obj": 23, "ind_type_1": "SI", "ind_type_2": true}, "model": "peacetrack.indicator", "pk": 67}, {"fields": {"ind_desc": "Number of eligible individuals benefiting from community or household gardens", "ind_obj": 23, "ind_type_1": "SI", "ind_type_2": true}, "model": "peacetrack.indicator", "pk": 68}, {"fields": {"ind_desc": "Number of infants 0-12 months of age with a mother reporting that their child was exclusively breastfed for the first six months", "ind_obj": 23, "ind_type_1": "SI", "ind_type_2": true}, "model": "peacetrack.indicator", "pk": 69}, {"fields": {"ind_desc": "Number of children 0-59 months who were underweight and who are now normal weight", "ind_obj": 23, "ind_type_1": "SI", "ind_type_2": true}, "model": "peacetrack.indicator", "pk": 70}, {"fields": {"ind_desc": "Number of health workers who received TOTs and other training sessions on hygiene and safe water", "ind_obj": 24, "ind_type_1": "PDI", "ind_type_2": true}, "model": "peacetrack.indicator", "pk": 71}, {"fields": {"ind_desc": "Number of Individuals reached with individual or small group level education on how to correctly clean their hands, treat and safely store water. ", "ind_obj": 24, "ind_type_1": "SI", "ind_type_2": true}, "model": "peacetrack.indicator", "pk": 72}, {"fields": {"ind_desc": "Number of individuals reporting that in the day preceding an assessment they only drank and cooked with properly stored and treated water.", "ind_obj": 24, "ind_type_1": "SI", "ind_type_2": true}, "model": "peacetrack.indicator", "pk": 73}, {"fields": {"ind_desc": "Number of women reporting that in the day preceding the assessment they always cleaned their hands with soap and water before breastfeeding, preparing food, eating or feeding and post defecation and after cleaning their child\u2019s bottom, and/or handling a diaper.", "ind_obj": 24, "ind_type_1": "SI", "ind_type_2": true}, "model": "peacetrack.indicator", "pk": 74}, {"fields": {"ind_desc": "Number of households having soap or other disinfecting material, and safe water for proper hand washing at a hand washing station commonly used by household members.", "ind_obj": 24, "ind_type_1": "SI", "ind_type_2": true}, "model": "peacetrack.indicator", "pk": 75}, {"fields": {"ind_desc": "Number of individuals (Community Educators / Mobilizers) trained to promote malaria prevention and care seeking", "ind_obj": 25, "ind_type_1": "SI", "ind_type_2": true}, "model": "peacetrack.indicator", "pk": 76}, {"fields": {"ind_desc": "Number of individuals receiving BCC/IEC outreach promoting malaria prevention and care seeking", "ind_obj": 25, "ind_type_1": "SI", "ind_type_2": true}, "model": "peacetrack.indicator", "pk": 77}, {"fields": {"ind_desc": "Number of individuals who slept under a bed net the previous night", "ind_obj": 25, "ind_type_1": "SI", "ind_type_2": true}, "model": "peacetrack.indicator", "pk": 78}, {"fields": {"ind_desc": "Number of individuals (children, pregnant mothers and the general population) with fever in the last two weeks who received anti-malarial treatment in accordance with the national policy and within one day of the onset of fever", "ind_obj": 25, "ind_type_1": "SI", "ind_type_2": true}, "model": "peacetrack.indicator", "pk": 79}, {"fields": {"ind_desc": "Number of TOTs and other training sessions conducted on HIV prevention", "ind_obj": 26, "ind_type_1": "PDI", "ind_type_2": true}, "model": "peacetrack.indicator", "pk": 80}, {"fields": {"ind_desc": "Number of general population (not including MARPs/key populations and PLHIV) reached with individual and/or small group level HIV prevention interventions that are based on evidence and/or meet the minimum standards required", "ind_obj": 26, "ind_type_1": "SI", "ind_type_2": true}, "model": "peacetrack.indicator", "pk": 81}]